<metadata xml:lang="en"><Esri><CreaDate>20230209</CreaDate><CreaTime>12552800</CreaTime><ArcGISFormat>1.0</ArcGISFormat><SyncOnce>FALSE</SyncOnce><DataProperties><lineage><Process ToolSource="c:\program files (x86)\arcgis\desktop10.4\ArcToolbox\Toolboxes\Data Management Tools.tbx\CalculateField" Date="20180617" Time="061222">CalculateField character_areas NAME buffer VB #</Process><Process ToolSource="c:\program files (x86)\arcgis\desktop10.4\ArcToolbox\Toolboxes\Data Management Tools.tbx\CalculateField" Date="20180622" Time="113004">CalculateField character_areas NAME "Mixed-Use Centers" VB #</Process><Process ToolSource="c:\program files (x86)\arcgis\desktop10.4\ArcToolbox\Toolboxes\Data Management Tools.tbx\CalculateField" Date="20180622" Time="113500">CalculateField character_areas NOTES "1/4 mile" VB #</Process><Process ToolSource="c:\program files (x86)\arcgis\desktop10.4\ArcToolbox\Toolboxes\Data Management Tools.tbx\CalculateField" Date="20180622" Time="114149">CalculateField character_areas NAME "Mixed-Use Centers (1/3 mile)" VB #</Process><Process ToolSource="c:\program files (x86)\arcgis\desktop10.4\ArcToolbox\Toolboxes\Data Management Tools.tbx\CalculateField" Date="20180622" Time="114204">CalculateField character_areas NOTES "1/3 mile" VB #</Process><Process ToolSource="c:\program files (x86)\arcgis\desktop10.4\ArcToolbox\Toolboxes\Data Management Tools.tbx\CalculateField" Date="20180622" Time="114512">CalculateField character_areas NAME "Mixed-Use Centers (1/4 mile)" VB #</Process><Process ToolSource="c:\program files (x86)\arcgis\desktop10.4\ArcToolbox\Toolboxes\Data Management Tools.tbx\CalculateField" Date="20180622" Time="125205">CalculateField "Character Areas" NAME "Medium-Density Residential" VB #</Process><Process ToolSource="c:\program files (x86)\arcgis\desktop10.4\ArcToolbox\Toolboxes\Data Management Tools.tbx\CalculateField" Date="20180625" Time="113156">CalculateField "Character Areas" NAME "Mixed-Use Centers (corridors)" VB #</Process><Process ToolSource="c:\program files (x86)\arcgis\desktop10.4\ArcToolbox\Toolboxes\Data Management Tools.tbx\CalculateField" Date="20180724" Time="161203">CalculateField character_areas NAME "Low-Density Residential" VB #</Process><Process ToolSource="c:\program files (x86)\arcgis\desktop10.4\ArcToolbox\Toolboxes\Data Management Tools.tbx\CalculateField" Date="20180724" Time="161305">CalculateField character_areas NAME "Medium Density Residential" VB #</Process><Process ToolSource="c:\program files (x86)\arcgis\desktop10.4\ArcToolbox\Toolboxes\Data Management Tools.tbx\CalculateField" Date="20180724" Time="161331">CalculateField character_areas NAME "Low Density Residential" VB #</Process><Process ToolSource="c:\program files (x86)\arcgis\desktop10.4\ArcToolbox\Toolboxes\Data Management Tools.tbx\CalculateField" Date="20180725" Time="110412">CalculateField character_areas NAME "High Density Residential" VB #</Process><Process ToolSource="c:\program files (x86)\arcgis\desktop10.4\ArcToolbox\Toolboxes\Data Management Tools.tbx\CalculateField" Date="20180725" Time="110632">CalculateField character_areas NAME "Small Scale Mixed-Use" VB #</Process><Process ToolSource="c:\program files (x86)\arcgis\desktop10.4\ArcToolbox\Toolboxes\Data Management Tools.tbx\CalculateField" Date="20180810" Time="100608">CalculateField character_areas NAME "Boutique Mixed-Use" VB #</Process><Process ToolSource="c:\program files (x86)\arcgis\desktop10.4\ArcToolbox\Toolboxes\Data Management Tools.tbx\CalculateField" Date="20180904" Time="231555">CalculateField character_areas NAME "Regional Commercial" VB #</Process><Process ToolSource="c:\program files (x86)\arcgis\desktop10.4\ArcToolbox\Toolboxes\Data Management Tools.tbx\CalculateField" Date="20180905" Time="223952">CalculateField character_areas NAME "Institutional Campus" VB #</Process><Process ToolSource="c:\program files (x86)\arcgis\desktop10.5\ArcToolbox\Toolboxes\Data Management Tools.tbx\CalculateField" Date="20191231" Time="115924">CalculateField character_areas PDF_Link "https://rochester2034.com/wp-content/uploads/2019/05/CA-Boutique-Mixed-Use.pdf" VB #</Process><Process ToolSource="c:\program files (x86)\arcgis\desktop10.5\ArcToolbox\Toolboxes\Data Management Tools.tbx\CalculateField" Date="20191231" Time="120016">CalculateField character_areas PDF_Link "https://rochester2034.com/wp-content/uploads/2019/05/CA-Flexible-Mixed-Use.pdf" VB #</Process><Process ToolSource="c:\program files (x86)\arcgis\desktop10.5\ArcToolbox\Toolboxes\Data Management Tools.tbx\CalculateField" Date="20191231" Time="120053">CalculateField character_areas PDF_Link "https://rochester2034.com/wp-content/uploads/2019/05/CA-High-Density-Residential.pdf" VB #</Process><Process ToolSource="c:\program files (x86)\arcgis\desktop10.5\ArcToolbox\Toolboxes\Data Management Tools.tbx\CalculateField" Date="20191231" Time="120123">CalculateField character_areas PDF_Link "https://rochester2034.com/wp-content/uploads/2019/05/CA-Industrial.pdf" VB #</Process><Process ToolSource="c:\program files (x86)\arcgis\desktop10.5\ArcToolbox\Toolboxes\Data Management Tools.tbx\CalculateField" Date="20191231" Time="120551">CalculateField character_areas PDF_Link "https://rochester2034.com/wp-content/uploads/2019/05/CA-Institutional-Campus.pdf" VB #</Process><Process ToolSource="c:\program files (x86)\arcgis\desktop10.5\ArcToolbox\Toolboxes\Data Management Tools.tbx\CalculateField" Date="20191231" Time="120622">CalculateField character_areas PDF_Link "https://rochester2034.com/wp-content/uploads/2019/05/CA-Low-Density-Residential.pdf" VB #</Process><Process ToolSource="c:\program files (x86)\arcgis\desktop10.5\ArcToolbox\Toolboxes\Data Management Tools.tbx\CalculateField" Date="20191231" Time="120653">CalculateField character_areas PDF_Link "https://rochester2034.com/wp-content/uploads/2019/05/CA-Medium-Density-Residential.pdf" VB #</Process><Process ToolSource="c:\program files (x86)\arcgis\desktop10.5\ArcToolbox\Toolboxes\Data Management Tools.tbx\CalculateField" Date="20191231" Time="120718">CalculateField character_areas PDF_Link "https://rochester2034.com/wp-content/uploads/2019/05/CA-Neighborhood-Mixed-Use.pdf" VB #</Process><Process ToolSource="c:\program files (x86)\arcgis\desktop10.5\ArcToolbox\Toolboxes\Data Management Tools.tbx\CalculateField" Date="20191231" Time="120745">CalculateField character_areas PDF_Link "https://rochester2034.com/wp-content/uploads/2019/05/CA-Parks-Open-Space.pdf" VB #</Process><Process ToolSource="c:\program files (x86)\arcgis\desktop10.5\ArcToolbox\Toolboxes\Data Management Tools.tbx\CalculateField" Date="20191231" Time="120812">CalculateField character_areas PDF_Link "https://rochester2034.com/wp-content/uploads/2019/05/CA-Regional-Commercial.pdf" VB #</Process><Process ToolSource="c:\program files (x86)\arcgis\desktop10.5\ArcToolbox\Toolboxes\Data Management Tools.tbx\DeleteField" Date="20200422" Time="160004">DeleteField "C:\Users\kelleyk\Documents\City of Rochester\Zoning Code Update\GIS\Zoning_Update.gdb\zoning_districts_new" PDF_Link</Process><Process ToolSource="c:\program files (x86)\arcgis\desktop10.5\ArcToolbox\Toolboxes\Data Management Tools.tbx\DeleteField" Date="20200422" Time="160233">DeleteField "C:\Users\kelleyk\Documents\City of Rochester\Zoning Code Update\GIS\Zoning_Update.gdb\zoning_districts_new" NOTES;PDF_Link</Process><Process ToolSource="c:\program files (x86)\arcgis\desktop10.5\ArcToolbox\Toolboxes\Data Management Tools.tbx\CalculateField" Date="20200817" Time="141351">CalculateField zoning_districts_new NAME MDR VB #</Process><Process ToolSource="c:\program files (x86)\arcgis\desktop10.5\ArcToolbox\Toolboxes\Data Management Tools.tbx\CalculateField" Date="20200818" Time="114545">CalculateField zoning_districts_new NAME DMU VB #</Process><Process ToolSource="c:\program files (x86)\arcgis\desktop10.5\ArcToolbox\Toolboxes\Data Management Tools.tbx\CalculateField" Date="20200818" Time="114615">CalculateField zoning_districts_new NAME "DMU" VB #</Process><Process ToolSource="c:\program files (x86)\arcgis\desktop10.5\ArcToolbox\Toolboxes\Data Management Tools.tbx\CalculateField" Date="20200818" Time="180654">CalculateField zoning_districts_new NAME "DMU" VB #</Process><Process ToolSource="c:\program files (x86)\arcgis\desktop10.5\ArcToolbox\Toolboxes\Conversion Tools.tbx\FeatureClassToFeatureClass" Date="20201203" Time="113608">FeatureClassToFeatureClass "C:\Users\kelleyk\Documents\City of Rochester\Zoning Code Update\GIS\Zoning_Update.gdb\zoning_districts_new" "C:\Users\kelleyk\Documents\City of Rochester\Zoning Code Update\GIS\Zoning_Update.gdb\draft_districts" zoning_districts_topology # "NAME "NAME" true true false 50 Text 0 0 ,First,#,C:\Users\kelleyk\Documents\City of Rochester\Zoning Code Update\GIS\Zoning_Update.gdb\zoning_districts_new,NAME,-1,-1;NOTES "NOTES" true true false 100 Text 0 0 ,First,#,C:\Users\kelleyk\Documents\City of Rochester\Zoning Code Update\GIS\Zoning_Update.gdb\zoning_districts_new,NOTES,-1,-1;PDF_Link "PDF_Link" true true false 100 Text 0 0 ,First,#,C:\Users\kelleyk\Documents\City of Rochester\Zoning Code Update\GIS\Zoning_Update.gdb\zoning_districts_new,PDF_Link,-1,-1;SHAPE_Length "SHAPE_Length" false true true 8 Double 0 0 ,First,#,C:\Users\kelleyk\Documents\City of Rochester\Zoning Code Update\GIS\Zoning_Update.gdb\zoning_districts_new,SHAPE_Length,-1,-1;SHAPE_Area "SHAPE_Area" false true true 8 Double 0 0 ,First,#,C:\Users\kelleyk\Documents\City of Rochester\Zoning Code Update\GIS\Zoning_Update.gdb\zoning_districts_new,SHAPE_Area,-1,-1" #</Process><Process ToolSource="c:\program files (x86)\arcgis\desktop10.5\ArcToolbox\Toolboxes\Data Management Tools.tbx\CalculateField" Date="20210318" Time="234709">CalculateField zoning_districts_topology NAME PD VB #</Process><Process ToolSource="c:\program files (x86)\arcgis\desktop10.5\ArcToolbox\Toolboxes\Data Management Tools.tbx\CalculateField" Date="20220123" Time="105017">CalculateField zoning_districts_new Purpose "The HDR High-Density Residential District protects, preserves and enhances existing residential areas of higher density which include multifamily dwellings of five or greater units, mixed with other housing types. The HDR High-Density Residential District is intended to provide residential areas that accommodate higher-density housing while protecting, maintaining and enhancing existing residential areas. The HDR District may include various housing types ranging from single-family detached to high-density apartments. The district adds to the urban character of Rochester and provides diversity in housing types, including high-rise apartment living. As in the other residential districts, the district includes and encourages home occupations and other live-work options and permits low intensity commercial uses in existing as-built commercial buildings and within the first floor of buildings with 20 housing units or more." VB #</Process><Process ToolSource="c:\program files (x86)\arcgis\desktop10.5\ArcToolbox\Toolboxes\Data Management Tools.tbx\CalculateField" Date="20220123" Time="105121">CalculateField zoning_districts_new Purpose "The BMU Boutique Mixed Use District provides for residential uses and small-scale commercial uses that offer convenience shopping and services for adjacent residential areas. Proximity to residences requires that commercial operations are low intensity, unobtrusive and conducted at a scale and density compatible with the surrounding neighborhood." VB #</Process><Process ToolSource="c:\program files (x86)\arcgis\desktop10.5\ArcToolbox\Toolboxes\Data Management Tools.tbx\CalculateField" Date="20220123" Time="105148">CalculateField zoning_districts_new Purpose "The BMU Boutique Mixed Use District provides for residential uses and small-scale commercial uses that offer convenience shopping and services for adjacent residential areas. Proximity to residences requires that commercial operations are low intensity, unobtrusive and conducted at a scale and density compatible with the surrounding neighborhood." VB #</Process><Process ToolSource="c:\program files (x86)\arcgis\desktop10.5\ArcToolbox\Toolboxes\Data Management Tools.tbx\CalculateField" Date="20220123" Time="105300">CalculateField zoning_districts_new Purpose "The DMU Downtown Mixed-Use District is intended to foster a vibrant, safe, twenty-four-hour district by encouraging residential development and a broad range of commercial, office, institutional, public, cultural, and entertainment uses and activities. The regulations are intended to define and promote Downtown Rochester as the anchor for the region and as a desirable place to live, work and recreate in a dense, urban, pedestrian-oriented environment." VB #</Process><Process ToolSource="c:\program files (x86)\arcgis\desktop10.5\ArcToolbox\Toolboxes\Data Management Tools.tbx\CalculateField" Date="20220123" Time="105346">CalculateField zoning_districts_new Purpose "The FMU Flexible Mixed-Use District is a unique district intended to permit a range of uses to help revitalize clusters of existing obsolete industrial complexes and large-scale buildings that have challenges in meeting market demands. This district reflects the growing popularity of loft residences, unique businesses, artisanal crafts and production, light industrial, and creative adaptive reuse of legacy commercial and industrial buildings. While the reuse of existing buildings is the primary goal of this district, new construction is permitted, subject to requirements that ensure compatibility with adjacent uses and residences." VB #</Process><Process ToolSource="c:\program files (x86)\arcgis\desktop10.5\ArcToolbox\Toolboxes\Data Management Tools.tbx\CalculateField" Date="20220123" Time="105432">CalculateField zoning_districts_new Purpose "The HDR High-Density Residential District protects, preserves and enhances existing residential areas of higher density which include multifamily dwellings of five or greater units, mixed with other housing types. The HDR High-Density Residential District is intended to provide residential areas that accommodate higher-density housing while protecting, maintaining and enhancing existing residential areas. The HDR District may include various housing types ranging from single-family detached to high-density apartments. The district adds to the urban character of Rochester and provides diversity in housing types, including high-rise apartment living. As in the other residential districts, the district includes and encourages home occupations and other live-work options and permits low intensity commercial uses in existing as-built commercial buildings and within the first floor of buildings with 20 housing units or more." VB #</Process><Process ToolSource="c:\program files (x86)\arcgis\desktop10.5\ArcToolbox\Toolboxes\Data Management Tools.tbx\CalculateField" Date="20220123" Time="105536">CalculateField zoning_districts_new Purpose "The IND Industrial District promotes the retention and growth of employment opportunities by providing areas where a broad range of industrial and vehicle-related uses may locate and expand. The obsolescence of many industrial buildings for traditional manufacturing purposes is recognized, and the reoccupancy and redevelopment of those buildings are encouraged through the allowance of commercial uses. Residential conversions are permitted primarily to accommodate loft-style living spaces and to meet the needs of those seeking the benefits of live-work arrangements." VB #</Process><Process ToolSource="c:\program files (x86)\arcgis\desktop10.5\ArcToolbox\Toolboxes\Data Management Tools.tbx\CalculateField" Date="20220123" Time="115652">CalculateField zoning_districts_new Purpose "The LDR Low-Density Residential District is intended to maintain residential areas at relatively low densities. The LDR District is a distinct urban area that is characterized predominantly by owner-occupied, single-family detached and attached homes and as-built or legally converted two-family homes, but often contains a diverse mix of other preexisting higher-density residential uses. The district includes and encourages home occupations and other live-work options and permits low intensity commercial uses in existing as-built commercial buildings. Each LDR neighborhood is unique in character, composition and scale. The district requirements are intended to preserve and promote neighborhoods characterized by unobstructed front yards, typically with open front porches and pedestrian-scale streetscapes." VB #</Process><Process ToolSource="c:\program files (x86)\arcgis\desktop10.5\ArcToolbox\Toolboxes\Data Management Tools.tbx\CalculateField" Date="20220123" Time="115746">CalculateField zoning_districts_new Purpose "The MDR Medium-Density Residential District provides a mix of housing choices. The inclusion of single-family, two-family and up to four family homes, as well as a diverse mix of other preexisting higher-density residential uses provides a diversity of housing choices while the bulk and density regulations maintain the lower-density scale of the neighborhoods. The district includes and encourages home occupations and other live-work options and permits low intensity commercial uses in existing as-built commercial buildings. The residential areas are located proximate to neighborhood-scale shopping and service opportunities. The district requirements are intended to preserve, promote and protect a quality of urban residential living characterized by unobstructed front yards, pedestrian-scale streetscapes and buildings scaled and designed to be compatible with the neighborhood." VB #</Process><Process ToolSource="c:\program files (x86)\arcgis\desktop10.5\ArcToolbox\Toolboxes\Data Management Tools.tbx\CalculateField" Date="20220123" Time="115805">CalculateField zoning_districts_new Purpose "The MDR Medium-Density Residential District provides a mix of housing choices. The inclusion of single-family, two-family and up to four family homes, as well as a diverse mix of other preexisting higher-density residential uses provides a diversity of housing choices while the bulk and density regulations maintain the lower-density scale of the neighborhoods. The district includes and encourages home occupations and other live-work options and permits low intensity commercial uses in existing as-built commercial buildings. The residential areas are located proximate to neighborhood-scale shopping and service opportunities. The district requirements are intended to preserve, promote and protect a quality of urban residential living characterized by unobstructed front yards, pedestrian-scale streetscapes and buildings scaled and designed to be compatible with the neighborhood." VB #</Process><Process ToolSource="c:\program files (x86)\arcgis\desktop10.5\ArcToolbox\Toolboxes\Data Management Tools.tbx\CalculateField" Date="20220123" Time="115843">CalculateField zoning_districts_new Purpose "The NMU Neighborhood Mixed Use District provides diverse commercial development along transportation corridors with a dense mixture of residential, commercial, service, and institutional uses, along with some light industrial uses, such as artisanal production, that serve the adjacent neighborhood and the community at large. The Neighborhood Mixed Use District is preserved through appropriate design elements, amenities or treatments that create, enhance and reinforce the design relationships between the buildings, sites, and streets and still establish an ambience that is uniquely urban and pedestrian-oriented." VB #</Process><Process ToolSource="c:\program files (x86)\arcgis\desktop10.5\ArcToolbox\Toolboxes\Data Management Tools.tbx\CalculateField" Date="20220123" Time="115959">CalculateField zoning_districts_new Purpose "The OC Overlay Commercial District protects and enhances older residential neighborhoods along heavily-traveled streets or proximate to commercial, cultural and employment centers. The accessibility of the OC District provides an environment suitable for certain small-scale commercial uses that can coexist with residential uses without adversely affecting the primary residential character of the area. Increased use options will contribute to the preservation and rehabilitation of residential structures while protecting the residential uses. The OC District shall not be independently mapped on the City of Rochester Zoning Map but shall be overlaid upon an existing residential zoning district that is found to be appropriate for such treatment." VB #</Process><Process ToolSource="c:\program files (x86)\arcgis\desktop10.5\ArcToolbox\Toolboxes\Data Management Tools.tbx\CalculateField" Date="20220123" Time="120305">CalculateField zoning_districts_new Purpose ""The OS Open Space District preserves and enhances Rochester's open spaces and recreational areas by protecting these natural amenities and restricting development that does not respect these environmentally sensitive areas. Rochester recognizes the value and importance of these resources for city and regional residents and, therefore, strictly limits the development of these areas. OS Districts are intended to apply to all publicly owned parks, squares, recreational areas, natural wildlife areas, the waterfront and cemeteries."" VB #</Process><Process ToolSource="c:\program files (x86)\arcgis\desktop10.5\ArcToolbox\Toolboxes\Data Management Tools.tbx\CalculateField" Date="20220123" Time="120340">CalculateField zoning_districts_new Purpose "The RC Regional Commercial District provides locations for regional-scaled and auto-oriented development of commercial and light industrial uses. The RC Districts are located on major arterials and, therefore, are accessible to and serve a regional market. Site design and buffering mitigate impacts of traffic, operations, and scale and ensure safe and direct pedestrian access." VB #</Process><Process ToolSource="c:\program files (x86)\arcgis\desktop10.5\ArcToolbox\Toolboxes\Data Management Tools.tbx\CalculateField" Date="20220123" Time="120414">CalculateField zoning_districts_new Purpose "The Village Center District recognizes a particularly unique setting and encourages the development of lively, pedestrian-friendly, and mixed-use neighborhoods. A Village Center District offers a variety of uses, such as residential, commercial, civic and open space, that result in traditional neighborhoods where living, working and shopping are in close proximity to one another. There is a mix of housing styles, types and sizes to accommodate households of all ages, sizes and incomes. The Village Center District offers multi-modal transportation opportunities that include pedestrian walkways, bicycle lanes, automobile corridors, and mass transit. The unique historical, cultural, and/or neighborhood features of the area are protected as development and redevelopment occurs in this district." VB #</Process><Process ToolSource="c:\program files (x86)\arcgis\desktop10.5\ArcToolbox\Toolboxes\Data Management Tools.tbx\CalculateField" Date="20220123" Time="121015">CalculateField zoning_districts_new PDF_Link "https://rochester2034.com/wp-content/uploads/2019/05/CA-Boutique-Mixed-Use.pdf" VB #</Process><Process ToolSource="c:\program files (x86)\arcgis\desktop10.5\ArcToolbox\Toolboxes\Data Management Tools.tbx\CalculateField" Date="20220123" Time="121051">CalculateField zoning_districts_new PDF_Link "https://rochester2034.com/wp-content/uploads/2019/05/CA-Downtown-Mixed-Use.pdf" VB #</Process><Process ToolSource="c:\program files (x86)\arcgis\desktop10.5\ArcToolbox\Toolboxes\Data Management Tools.tbx\CalculateField" Date="20220123" Time="121159">CalculateField zoning_districts_new PDF_Link "https://rochester2034.com/wp-content/uploads/2019/05/CA-Flexible-Mixed-Use.pdf" VB #</Process><Process ToolSource="c:\program files (x86)\arcgis\desktop10.5\ArcToolbox\Toolboxes\Data Management Tools.tbx\CalculateField" Date="20220123" Time="122550">CalculateField zoning_districts_new PDF_Link "https://rochester2034.com/wp-content/uploads/2019/05/CA-High-Density-Residential.pdf" VB #</Process><Process ToolSource="c:\program files (x86)\arcgis\desktop10.5\ArcToolbox\Toolboxes\Data Management Tools.tbx\CalculateField" Date="20220123" Time="122631">CalculateField zoning_districts_new PDF_Link "https://rochester2034.com/wp-content/uploads/2019/05/CA-Industrial.pdf" VB #</Process><Process ToolSource="c:\program files (x86)\arcgis\desktop10.5\ArcToolbox\Toolboxes\Data Management Tools.tbx\CalculateField" Date="20220123" Time="122737">CalculateField zoning_districts_new PDF_Link "https://rochester2034.com/wp-content/uploads/2019/05/CA-Low-Density-Residential.pdf" VB #</Process><Process ToolSource="c:\program files (x86)\arcgis\desktop10.5\ArcToolbox\Toolboxes\Data Management Tools.tbx\CalculateField" Date="20220123" Time="122859">CalculateField zoning_districts_new PDF_Link "https://rochester2034.com/wp-content/uploads/2019/05/CA-Medium-Density-Residential.pdf" VB #</Process><Process ToolSource="c:\program files (x86)\arcgis\desktop10.5\ArcToolbox\Toolboxes\Data Management Tools.tbx\CalculateField" Date="20220123" Time="122945">CalculateField zoning_districts_new PDF_Link "https://rochester2034.com/wp-content/uploads/2019/05/CA-Neighborhood-Mixed-Use.pdf" VB #</Process><Process ToolSource="c:\program files (x86)\arcgis\desktop10.5\ArcToolbox\Toolboxes\Data Management Tools.tbx\CalculateField" Date="20220123" Time="123053">CalculateField zoning_districts_new PDF_Link "https://rochester2034.com/wp-content/uploads/2019/05/CA-Parks-Open-Space.pdf" VB #</Process><Process ToolSource="c:\program files (x86)\arcgis\desktop10.5\ArcToolbox\Toolboxes\Data Management Tools.tbx\CalculateField" Date="20220123" Time="123131">CalculateField zoning_districts_new PDF_Link "https://rochester2034.com/wp-content/uploads/2019/05/CA-Regional-Commercial.pdf" VB #</Process><Process ToolSource="c:\program files (x86)\arcgis\desktop10.5\ArcToolbox\Toolboxes\Data Management Tools.tbx\CalculateField" Date="20220123" Time="123247">CalculateField zoning_districts_new PDF_Link "Rochester 2034 did not provide specific guidance on this district." VB #</Process><Process ToolSource="c:\program files (x86)\arcgis\desktop10.5\ArcToolbox\Toolboxes\Data Management Tools.tbx\CalculateField" Date="20220124" Time="213512">CalculateField zoning_districts_new Purpose "The DMU Downtown Mixed-Use District is intended to foster a vibrant, safe, live-work-play district by encouraging residential development and a broad range of commercial, office, institutional, public, cultural, and entertainment uses and activities. The regulations are intended to define and promote Downtown Rochester as the anchor for the region and as a desirable place with a dense, urban, pedestrian-oriented environment." VB #</Process><Process ToolSource="c:\program files (x86)\arcgis\desktop10.5\ArcToolbox\Toolboxes\Data Management Tools.tbx\CalculateField" Date="20220128" Time="003534">CalculateField zoning_districts_new Purpose "The PD Planned Development Districts recognize a defined area for unified and integrated development and are intended to create more flexible development opportunities than would be possible through the strict application of the land use and development regulations of this chapter. Planned Development Districts allow diversification in the uses permitted and variation in the relationship of uses, structures, and open spaces and are conceived as cohesive unified projects with unique standards and regulations." VB #</Process><Process ToolSource="c:\program files (x86)\arcgis\desktop10.5\ArcToolbox\Toolboxes\Data Management Tools.tbx\CalculateField" Date="20220128" Time="010434">CalculateField zoning_districts_new Purpose "The VC Village Center District recognizes a particularly unique setting and encourages the development of lively, pedestrian-friendly, and mixed-use neighborhoods. A Village Center District offers a variety of uses, such as residential, commercial, civic and open space, that result in traditional neighborhoods where living, working and shopping are in close proximity to one another. There is a mix of housing styles, types and sizes to accommodate households of all ages, sizes and incomes. The Village Center District offers multi-modal transportation opportunities that include pedestrian walkways, bicycle lanes, automobile corridors, and mass transit. The unique historical, cultural, and/or neighborhood features of the area are protected as development and redevelopment occurs in this district." VB #</Process><Process ToolSource="c:\program files (x86)\arcgis\desktop10.5\ArcToolbox\Toolboxes\Data Management Tools.tbx\CalculateField" Date="20220129" Time="202413">CalculateField zoning_districts_new Purpose "The O-C Overlay Commercial District protects and enhances older residential neighborhoods along heavily-traveled streets or proximate to commercial, cultural and employment centers. The accessibility of the O-C District provides an environment suitable for certain small-scale commercial uses that can coexist with residential uses without adversely affecting the primary residential character of the area. Increased use options will contribute to the preservation and rehabilitation of residential structures while protecting the residential uses. The O-C District shall not be independently mapped on the City of Rochester Zoning Map but shall be overlaid upon an existing residential zoning district that is found to be appropriate for such treatment." VB #</Process><Process ToolSource="c:\program files (x86)\arcgis\desktop10.5\ArcToolbox\Toolboxes\Data Management Tools.tbx\CalculateField" Date="20220131" Time="073341">CalculateField zoning_districts_new PDF_Link "https://rochester2034.com/wp-content/uploads/2019/05/CA-Parks-Open-Space.pdf" VB #</Process><Process ToolSource="c:\program files (x86)\arcgis\desktop10.5\ArcToolbox\Toolboxes\Data Management Tools.tbx\CalculateField" Date="20220131" Time="073604">CalculateField zoning_districts_new Purpose ""The OS Open Space District preserves and enhances Rochester's open spaces and recreational areas by protecting these natural amenities and restricting development that does not respect these environmentally sensitive areas. Rochester recognizes the value and importance of these resources for city and regional residents and, therefore, strictly limits the development of these areas. OS Districts are intended to apply to all publicly owned parks, squares, recreational areas, natural wildlife areas, the waterfront and cemeteries."" VB #</Process><Process ToolSource="c:\program files (x86)\arcgis\desktop10.5\ArcToolbox\Toolboxes\Data Management Tools.tbx\CalculateField" Date="20220131" Time="074326">CalculateField zoning_districts_new PDF_Link "https://rochester2034.com/wp-content/uploads/2019/05/CA-Parks-Open-Space.pdf" VB #</Process><Process ToolSource="c:\program files (x86)\arcgis\desktop10.8\ArcToolbox\Toolboxes\Data Management Tools.tbx\CalculateField" Date="20230819" Time="103106">CalculateField zoning_districts_new_v2 NAME2 BMU VB #</Process><Process ToolSource="c:\program files (x86)\arcgis\desktop10.8\ArcToolbox\Toolboxes\Data Management Tools.tbx\CalculateField" Date="20230819" Time="103149">CalculateField zoning_districts_new_v2 NAME2 "BMU" VB #</Process><Process ToolSource="c:\program files (x86)\arcgis\desktop10.8\ArcToolbox\Toolboxes\Data Management Tools.tbx\CalculateField" Date="20230819" Time="103340">CalculateField zoning_districts_new_v2 NAME2 "FMU" VB #</Process><Process ToolSource="c:\program files (x86)\arcgis\desktop10.8\ArcToolbox\Toolboxes\Data Management Tools.tbx\CalculateField" Date="20230819" Time="103414">CalculateField zoning_districts_new_v2 NAME2 "HDR" VB #</Process><Process ToolSource="c:\program files (x86)\arcgis\desktop10.8\ArcToolbox\Toolboxes\Data Management Tools.tbx\CalculateField" Date="20230819" Time="103506">CalculateField zoning_districts_new_v2 NAME2 "IND" VB #</Process><Process ToolSource="c:\program files (x86)\arcgis\desktop10.8\ArcToolbox\Toolboxes\Data Management Tools.tbx\CalculateField" Date="20230819" Time="103534">CalculateField zoning_districts_new_v2 NAME2 "LDR" VB #</Process><Process ToolSource="c:\program files (x86)\arcgis\desktop10.8\ArcToolbox\Toolboxes\Data Management Tools.tbx\CalculateField" Date="20230819" Time="103636">CalculateField zoning_districts_new_v2 NAME2 "MDR" VB #</Process><Process ToolSource="c:\program files (x86)\arcgis\desktop10.8\ArcToolbox\Toolboxes\Data Management Tools.tbx\CalculateField" Date="20230819" Time="103728">CalculateField zoning_districts_new_v2 NAME2 "NMU" VB #</Process><Process ToolSource="c:\program files (x86)\arcgis\desktop10.8\ArcToolbox\Toolboxes\Data Management Tools.tbx\CalculateField" Date="20230819" Time="103756">CalculateField zoning_districts_new_v2 NAME2 "O-C" VB #</Process><Process ToolSource="c:\program files (x86)\arcgis\desktop10.8\ArcToolbox\Toolboxes\Data Management Tools.tbx\CalculateField" Date="20230819" Time="103900">CalculateField zoning_districts_new_v2 NAME2 "OS" VB #</Process><Process ToolSource="c:\program files (x86)\arcgis\desktop10.8\ArcToolbox\Toolboxes\Conversion Tools.tbx\FeatureClassToFeatureClass" Date="20231115" Time="093553">FeatureClassToFeatureClass "G:\PlanZoneShared\2020 Zoning Code Update\GIS\Zoning_Update.gdb\zoning_districts_new_v2" "G:\PlanZoneShared\2020 Zoning Code Update\GIS" DRAFT_ZAP_Districts_Sept2023.shp # "NAME "NAME" true true false 50 Text 0 0 ,First,#,G:\PlanZoneShared\2020 Zoning Code Update\GIS\Zoning_Update.gdb\zoning_districts_new_v2,NAME,-1,-1;NOTES "NOTES" true true false 100 Text 0 0 ,First,#,G:\PlanZoneShared\2020 Zoning Code Update\GIS\Zoning_Update.gdb\zoning_districts_new_v2,NOTES,-1,-1;PDF_Link "PDF_Link" true true false 100 Text 0 0 ,First,#,G:\PlanZoneShared\2020 Zoning Code Update\GIS\Zoning_Update.gdb\zoning_districts_new_v2,PDF_Link,-1,-1;Purpose "Purpose" true true false 1000 Text 0 0 ,First,#,G:\PlanZoneShared\2020 Zoning Code Update\GIS\Zoning_Update.gdb\zoning_districts_new_v2,Purpose,-1,-1;Shape_Leng "Shape_Leng" false true true 8 Double 0 0 ,First,#,G:\PlanZoneShared\2020 Zoning Code Update\GIS\Zoning_Update.gdb\zoning_districts_new_v2,Shape_Length,-1,-1;Shape_Area "Shape_Area" false true true 8 Double 0 0 ,First,#,G:\PlanZoneShared\2020 Zoning Code Update\GIS\Zoning_Update.gdb\zoning_districts_new_v2,Shape_Area,-1,-1;NAME2 "NAME2" true true false 75 Text 0 0 ,First,#,G:\PlanZoneShared\2020 Zoning Code Update\GIS\Zoning_Update.gdb\zoning_districts_new_v2,NAME2,-1,-1;ZAP_Link "ZAP_Link" true true false 100 Text 0 0 ,First,#,G:\PlanZoneShared\2020 Zoning Code Update\GIS\Zoning_Update.gdb\zoning_districts_new_v2,ZAP_Link,-1,-1" #</Process></lineage><itemProps><itemLocation><linkage Sync="TRUE">file://\\cor.local\NBD\Department\PlanZoneShared\2020 Zoning Code Update\GIS\DRAFT_ZAP_Districts_Sept2023.shp</linkage><protocol Sync="TRUE">Local Area Network</protocol></itemLocation><itemName Sync="TRUE">DRAFT_ZAP_Districts_Sept2023</itemName><imsContentType Sync="TRUE">002</imsContentType><itemSize Sync="TRUE">0.000</itemSize></itemProps><coordRef><type Sync="TRUE">Projected</type><geogcsn Sync="TRUE">GCS_North_American_1983</geogcsn><csUnits Sync="TRUE">Linear Unit: Foot_US (0.304801)</csUnits><projcsn Sync="TRUE">NAD_1983_StatePlane_New_York_West_FIPS_3103_Feet</projcsn><peXml Sync="TRUE">&lt;ProjectedCoordinateSystem xsi:type='typens:ProjectedCoordinateSystem' xmlns:xsi='http://www.w3.org/2001/XMLSchema-instance' xmlns:xs='http://www.w3.org/2001/XMLSchema' xmlns:typens='http://www.esri.com/schemas/ArcGIS/10.8'&gt;&lt;WKT&gt;PROJCS[&amp;quot;NAD_1983_StatePlane_New_York_West_FIPS_3103_Feet&amp;quot;,GEOGCS[&amp;quot;GCS_North_American_1983&amp;quot;,DATUM[&amp;quot;D_North_American_1983&amp;quot;,SPHEROID[&amp;quot;GRS_1980&amp;quot;,6378137.0,298.257222101]],PRIMEM[&amp;quot;Greenwich&amp;quot;,0.0],UNIT[&amp;quot;Degree&amp;quot;,0.0174532925199433]],PROJECTION[&amp;quot;Transverse_Mercator&amp;quot;],PARAMETER[&amp;quot;False_Easting&amp;quot;,1148291.666666667],PARAMETER[&amp;quot;False_Northing&amp;quot;,0.0],PARAMETER[&amp;quot;Central_Meridian&amp;quot;,-78.58333333333333],PARAMETER[&amp;quot;Scale_Factor&amp;quot;,0.9999375],PARAMETER[&amp;quot;Latitude_Of_Origin&amp;quot;,40.0],UNIT[&amp;quot;Foot_US&amp;quot;,0.3048006096012192],AUTHORITY[&amp;quot;EPSG&amp;quot;,2262]]&lt;/WKT&gt;&lt;XOrigin&gt;-17299100&lt;/XOrigin&gt;&lt;YOrigin&gt;-47344700&lt;/YOrigin&gt;&lt;XYScale&gt;137250050.35703713&lt;/XYScale&gt;&lt;ZOrigin&gt;-100000&lt;/ZOrigin&gt;&lt;ZScale&gt;10000&lt;/ZScale&gt;&lt;MOrigin&gt;-100000&lt;/MOrigin&gt;&lt;MScale&gt;10000&lt;/MScale&gt;&lt;XYTolerance&gt;0.0032808333333333331&lt;/XYTolerance&gt;&lt;ZTolerance&gt;0.001&lt;/ZTolerance&gt;&lt;MTolerance&gt;0.001&lt;/MTolerance&gt;&lt;HighPrecision&gt;true&lt;/HighPrecision&gt;&lt;WKID&gt;102717&lt;/WKID&gt;&lt;LatestWKID&gt;2262&lt;/LatestWKID&gt;&lt;/ProjectedCoordinateSystem&gt;</peXml></coordRef></DataProperties><SyncDate>20231115</SyncDate><SyncTime>09351600</SyncTime><ModDate>20231115</ModDate><ModTime>09351600</ModTime></Esri><dataIdInfo><envirDesc Sync="TRUE"> Version 6.2 (Build 9200) ; Esri ArcGIS 10.8.1.14362</envirDesc><dataLang><languageCode value="eng" Sync="TRUE"></languageCode><countryCode value="USA" Sync="TRUE"></countryCode></dataLang><idCitation><resTitle Sync="TRUE">DRAFT_ZAP_Districts_Sept2023</resTitle><presForm><PresFormCd value="005" Sync="TRUE"></PresFormCd></presForm></idCitation><spatRpType><SpatRepTypCd value="001" Sync="TRUE"></SpatRepTypCd></spatRpType></dataIdInfo><mdLang><languageCode value="eng" Sync="TRUE"></languageCode><countryCode value="USA" Sync="TRUE"></countryCode></mdLang><distInfo><distFormat><formatName Sync="TRUE">Shapefile</formatName></distFormat><distTranOps><transSize Sync="TRUE">0.000</transSize></distTranOps></distInfo><mdHrLv><ScopeCd value="005" Sync="TRUE"></ScopeCd></mdHrLv><mdHrLvName Sync="TRUE">dataset</mdHrLvName><refSysInfo><RefSystem><refSysID><identCode code="2262" Sync="TRUE"></identCode><idCodeSpace Sync="TRUE">EPSG</idCodeSpace><idVersion Sync="TRUE">5.3(9.0.0)</idVersion></refSysID></RefSystem></refSysInfo><spatRepInfo><VectSpatRep><geometObjs Name="DRAFT_ZAP_Districts_Sept2023"><geoObjTyp><GeoObjTypCd value="002" Sync="TRUE"></GeoObjTypCd></geoObjTyp><geoObjCnt Sync="TRUE">0</geoObjCnt></geometObjs><topLvl><TopoLevCd value="001" Sync="TRUE"></TopoLevCd></topLvl></VectSpatRep></spatRepInfo><spdoinfo><ptvctinf><esriterm Name="DRAFT_ZAP_Districts_Sept2023"><efeatyp Sync="TRUE">Simple</efeatyp><efeageom code="4" Sync="TRUE"></efeageom><esritopo Sync="TRUE">FALSE</esritopo><efeacnt Sync="TRUE">0</efeacnt><spindex Sync="TRUE">FALSE</spindex><linrefer Sync="TRUE">FALSE</linrefer></esriterm></ptvctinf></spdoinfo><eainfo><detailed Name="DRAFT_ZAP_Districts_Sept2023"><enttyp><enttypl Sync="TRUE">DRAFT_ZAP_Districts_Sept2023</enttypl><enttypt Sync="TRUE">Feature Class</enttypt><enttypc Sync="TRUE">0</enttypc></enttyp><attr><attrlabl Sync="TRUE">FID</attrlabl><attalias Sync="TRUE">FID</attalias><attrtype Sync="TRUE">OID</attrtype><attwidth Sync="TRUE">4</attwidth><atprecis Sync="TRUE">0</atprecis><attscale Sync="TRUE">0</attscale><attrdef Sync="TRUE">Internal feature number.</attrdef><attrdefs Sync="TRUE">Esri</attrdefs><attrdomv><udom Sync="TRUE">Sequential unique whole numbers that are automatically generated.</udom></attrdomv></attr><attr><attrlabl Sync="TRUE">Shape</attrlabl><attalias Sync="TRUE">Shape</attalias><attrtype Sync="TRUE">Geometry</attrtype><attwidth Sync="TRUE">0</attwidth><atprecis Sync="TRUE">0</atprecis><attscale Sync="TRUE">0</attscale><attrdef Sync="TRUE">Feature geometry.</attrdef><attrdefs Sync="TRUE">Esri</attrdefs><attrdomv><udom Sync="TRUE">Coordinates defining the features.</udom></attrdomv></attr><attr><attrlabl Sync="TRUE">NAME</attrlabl><attalias Sync="TRUE">NAME</attalias><attrtype Sync="TRUE">String</attrtype><attwidth Sync="TRUE">50</attwidth><atprecis Sync="TRUE">0</atprecis><attscale Sync="TRUE">0</attscale></attr><attr><attrlabl Sync="TRUE">NOTES</attrlabl><attalias Sync="TRUE">NOTES</attalias><attrtype Sync="TRUE">String</attrtype><attwidth Sync="TRUE">100</attwidth><atprecis Sync="TRUE">0</atprecis><attscale Sync="TRUE">0</attscale></attr><attr><attrlabl Sync="TRUE">PDF_Link</attrlabl><attalias Sync="TRUE">PDF_Link</attalias><attrtype Sync="TRUE">String</attrtype><attwidth Sync="TRUE">100</attwidth><atprecis Sync="TRUE">0</atprecis><attscale Sync="TRUE">0</attscale></attr><attr><attrlabl Sync="TRUE">Purpose</attrlabl><attalias Sync="TRUE">Purpose</attalias><attrtype Sync="TRUE">String</attrtype><attwidth Sync="TRUE">254</attwidth><atprecis Sync="TRUE">0</atprecis><attscale Sync="TRUE">0</attscale></attr><attr><attrlabl Sync="TRUE">Shape_Leng</attrlabl><attalias Sync="TRUE">Shape_Leng</attalias><attrtype Sync="TRUE">Double</attrtype><attwidth Sync="TRUE">19</attwidth><atprecis Sync="TRUE">0</atprecis><attscale Sync="TRUE">0</attscale></attr><attr><attrlabl Sync="TRUE">Shape_Area</attrlabl><attalias Sync="TRUE">Shape_Area</attalias><attrtype Sync="TRUE">Double</attrtype><attwidth Sync="TRUE">19</attwidth><atprecis Sync="TRUE">0</atprecis><attscale Sync="TRUE">0</attscale><attrdef Sync="TRUE">Area of feature in internal units squared.</attrdef><attrdefs Sync="TRUE">Esri</attrdefs><attrdomv><udom Sync="TRUE">Positive real numbers that are automatically generated.</udom></attrdomv></attr><attr><attrlabl Sync="TRUE">NAME2</attrlabl><attalias Sync="TRUE">NAME2</attalias><attrtype Sync="TRUE">String</attrtype><attwidth Sync="TRUE">75</attwidth><atprecis Sync="TRUE">0</atprecis><attscale Sync="TRUE">0</attscale></attr><attr><attrlabl Sync="TRUE">ZAP_Link</attrlabl><attalias Sync="TRUE">ZAP_Link</attalias><attrtype Sync="TRUE">String</attrtype><attwidth Sync="TRUE">100</attwidth><atprecis Sync="TRUE">0</atprecis><attscale Sync="TRUE">0</attscale></attr></detailed></eainfo><mdDateSt Sync="TRUE">20231115</mdDateSt></metadata>
